{
  "scans_played": 2848,
  "groundtruth_queries_with_loop": 569,
  "groundtruth_total_loop_pairs": 4789,
  "detected_loop_edges": 406,
  "loop_closure_events": 406,
  "true_positive": 406,
  "false_positive": 0,
  "false_negative": 163,
  "precision": 1.0,
  "recall": 0.7135325131810193,
  "f1": 0.8328205128205128,
  "per_frame_median_ms": 107.2350600734353,
  "corrected_odometry_samples": 2848,
  "ate_meters": 1.2799058574654104e-09,
  "ate_samples": 2848,
  "wallclock_seconds": 318.4741215829272,
  "sequence_id": 4,
  "peak_rss_mb": 2165.19140625,
  "git_sha": "93d084cb8b93f6167b6ace23baad2677ec6b93d5"
}
