{
  "scans_played": 3012,
  "groundtruth_queries_with_loop": 975,
  "groundtruth_total_loop_pairs": 9315,
  "detected_loop_edges": 688,
  "loop_closure_events": 753,
  "true_positive": 667,
  "false_positive": 21,
  "false_negative": 308,
  "precision": 0.9694767441860465,
  "recall": 0.6841025641025641,
  "f1": 0.8021647624774503,
  "per_frame_median_ms": 107.19600110314786,
  "corrected_odometry_samples": 3012,
  "ate_meters": 1.9309477208763255e-09,
  "ate_samples": 3012,
  "wallclock_seconds": 336.3989979061298,
  "sequence_id": 2,
  "peak_rss_mb": 2169.2265625,
  "git_sha": "93d084cb8b93f6167b6ace23baad2677ec6b93d5"
}
