{
  "scans_played": 2480,
  "groundtruth_queries_with_loop": 739,
  "groundtruth_total_loop_pairs": 7604,
  "detected_loop_edges": 581,
  "loop_closure_events": 581,
  "true_positive": 581,
  "false_positive": 0,
  "false_negative": 158,
  "precision": 1.0,
  "recall": 0.7861975642760487,
  "f1": 0.8803030303030304,
  "per_frame_median_ms": 106.95948801003397,
  "corrected_odometry_samples": 2480,
  "ate_meters": 2.932118714392045e-10,
  "ate_samples": 2480,
  "wallclock_seconds": 277.7317800410092,
  "sequence_id": 8,
  "peak_rss_mb": 2086.84375,
  "git_sha": "93d084cb8b93f6167b6ace23baad2677ec6b93d5"
}
