{
  "scans_played": 2480,
  "groundtruth_queries_with_loop": 739,
  "groundtruth_total_loop_pairs": 7604,
  "detected_loop_edges": 6,
  "loop_closure_events": 6,
  "true_positive": 5,
  "false_positive": 1,
  "false_negative": 734,
  "precision": 0.8333333333333334,
  "recall": 0.006765899864682003,
  "f1": 0.013422818791946308,
  "per_frame_median_ms": 0.22345595061779022,
  "corrected_odometry_samples": 781,
  "ate_meters": 41.461584266593,
  "ate_samples": 781,
  "wallclock_seconds": 282.6842994519975,
  "sequence_id": 8,
  "peak_rss_mb": 7898.79296875
}